username,password,studentId
jaratsarat.k,1216985755,6410451583
tinwattana.s,1216985755,6710451762
kawna.s,1216985755,6510451895
suphanimit.d,1216985755,6610451324
jinthiram.m,1216985755,6710451437
nichapak.p,1216985755,6510451658
chanathip.m,1216985755,6410451971
nattawat.s,1216985755,6610451086
tirawat.s,1216985755,6710451519
tanwa.t,1216985755,6510451723
peeraphol.s,1216985755,6410451846
pakphon.a,1216985755,6610451157
phumipat.p,1216985755,6510451392
peeraphat.a,1216985755,6410451675
sirawut.s,1216985755,6610401238
sivach.s,1216985755,6710401561
teerawan.t,1216985755,6610401794
ueaungkut.l,1216985755,6410401927
jongkon.t,1216985755,6510401350
chanmchonok.k,1216985755,6710401483
chananol.k,1216985755,6410401616
jakranin.s,1216985755,6610401849
chakarit.j,1216985755,6510401072
chanupong.b,1216985755,6710401205
yanatikan.a,1216985755,6410401438
namontat.n,1216985755,6610401661
nattakan.p,1216985755,6710401894
nattana.k,1216985755,6510401127
tonghirun.k,1216985755,6410401350
nattanan.k,1216985755,6710551583
pachai.k,1216985755,6610551716
yuthwattana.s,1216985755,6510551849
parom.p,1216985755,6410551972
pannathita.y,1216985755,6610551205
punyanuj.s,1216985755,6710551338
ploypan.s,1216985755,6510551461
pimtipakorn.y,1216985755,6410551594
praewnapha.s,1216985755,6610551727
winit.a,1216985755,6510551850
wit.d,1216985755,6710551983
widorn.s,1216985755,6410551216
sarawit.y,1216985755,6610551349
sisira.m,1216985755,6510551472
supakust.y,1216985755,6710551605
sirivithoon.g,1216985755,6410501738
apinya.d,1216985755,6610501861
apinya.l,1216985755,6510501994
tanchanit.w,1216985755,6710501227
aline.t,1216985755,6410501350
aum.p,1216985755,6610501483
yaya.u,1216985755,6710501616
nadech.k,1216985755,6410501749
weir.s,1216985755,6510501872
mai.d,1216985755,6610501105
taw.d,1216985755,6710501238
mario.m,1216985755,6410501361
mhk.p,1216985755,6610501494
kimberly.a,1216985755,6510501627
pu.p,1216985755,6710501750
ann.t,1216985755,6411351883
bella.r,1216985755,6611351116
james.j,1216985755,6511351249
tono.p,1216985755,6711351372
pek.p,1216985755,6411351505
tik.j,1216985755,6611351638
pancake.k,1216985755,6711351761
may.p,1216985755,6511351894
fah.s,1216985755,6411351127
mariyah.p,1216985755,6611351250
nicoline.p,1216985755,6711351383
pooklook.f,1216985755,6411351516
kwan.u,1216985755,6611351649
namtan.c,1216985755,6711351772
amanda.o,1216985755,6511351905
bint.s,1216985755,6411301138
janee.t,1216985755,6611301261
pinky.s,1216985755,6711301394
tak.b,1216985755,6511301527
lydia.s,1216985755,6411301650
nun.w,1216985755,6611301783
cheer.t,1216985755,6711301916
james.m,1216985755,6411301149
vunsean.w,1216985755,6511301272
ying.r,1216985755,6611301405
aom.p,1216985755,6711301538
alek.t,1216985755,6411301661
great.w,1216985755,6611301794
sunny.s,1216985755,6711301927
porsche.s,1216985755,6511301150
ariyachai.j,1216985755,6610451249
alex,1216985755,6650450315
